image,velocity,angular_velocity,x,y
2.png,0.0,0.0,-6.99688500999916,-7.299949442560647
3.png,0.0,0.0,-6.994021335947467,-7.299903851738125
4.png,0.0,0.0,-6.9913143955979695,-7.299860813505729
5.png,0.034999999999999996,0.0,-6.989273996221005,-7.299828313689394
6.png,0.039999999999999994,0.0,-6.986057381111152,-7.299777081310716
7.png,0.04499999999999999,0.0,-6.98097007755844,-7.299696035473809
8.png,0.04999999999999999,0.0,-6.966206856659115,-7.299460686271247
9.png,0.05,0.0,-6.95600878797936,-7.299297979555405
10.png,0.05,0.0,-6.9443051221103165,-7.299111092713045
11.png,0.05,0.0,-6.936146253117531,-7.298980756868082
12.png,0.055,0.0,-6.929870689371828,-7.298880468003894
13.png,0.06,0.0,-6.915944016269346,-7.298657747528626
14.png,0.060000000000000005,0.0,-6.904045677421204,-7.298467370604077
15.png,0.060000000000000005,0.0,-6.894527272228183,-7.298315004295151
16.png,0.07500000000000001,0.0,-6.871945198626869,-7.29795316129133
17.png,0.08,0.0,-6.855627030656095,-7.297691451811717
18.png,0.085,0.0,-6.844421322775455,-7.297511666043392
19.png,0.09,0.0,-6.835425404983232,-7.297367252667103
20.png,0.09,0.0,-6.823186693697231,-7.297170751494155
21.png,0.09,0.0,-6.81400755887331,-7.2970232607427965
22.png,0.09,0.0,-6.804829307864883,-7.296875748364326
23.png,0.09,0.0,-6.795650890941719,-7.296728176727567
24.png,0.09,0.0,-6.795650890941719,-7.296728176727567
25.png,0.09,0.0,-6.792591263019428,-7.296678989796794
26.png,0.09,0.0,-6.789531533385084,-7.296629789225851
27.png,0.09,0.0,-6.77729258491915,-7.2964328405458865
28.png,0.09,0.0,-6.75893578365419,-7.296137301253798
29.png,0.09,0.0,-6.752816532132265,-7.296038765867745
30.png,0.09,0.0,-6.746697077465613,-7.295940137432603
31.png,0.095,0.0,-6.740577606972836,-7.295841514153204
32.png,0.09999999999999999,0.0,-6.717996418788688,-7.295477432094201
33.png,0.09999999999999999,0.0,-6.667003095420204,-7.294654110471569
34.png,0.09999999999999999,0.0,-6.653404390001369,-7.294434280158237
35.png,0.09999999999999999,0.0,-6.643206200678616,-7.2942693264909035
36.png,0.09999999999999999,0.0,-6.629608334415541,-7.2940493636803865
37.png,0.09999999999999999,0.0,-6.616009471720654,-7.293829208195346
38.png,0.09999999999999999,0.0,-6.602411718191786,-7.293608975842795
39.png,0.09999999999999999,0.0,-6.599012318254971,-7.2935539097359
40.png,0.09999999999999999,0.0,-6.59561288624103,-7.293498843545109
41.png,0.09999999999999999,0.0,-6.588813905974042,-7.293388664336107
42.png,0.09999999999999999,0.0,-6.575215095089555,-7.293168173846989
43.png,0.09999999999999999,0.0,-6.551418989926119,-7.29278213434776
44.png,0.09999999999999999,0.0,-6.548019484994257,-7.292726954541343
45.png,0.09999999999999999,0.0,-6.534420715002045,-7.2925061275727865
46.png,0.09999999999999999,0.0,-6.524222230543299,-7.292340480003527
47.png,0.09999999999999999,0.0,-6.50042573842646,-7.291953685480542
48.png,0.09999999999999999,0.0,-6.476628927732291,-7.2915665017496405
49.png,0.09999999999999999,0.0,-6.473229478197471,-7.2915111894486175
50.png,0.09999999999999999,0.0,-6.4596313255769555,-7.291289794334101
51.png,0.09999999999999999,0.0,-6.4392339634985385,-7.2909574482013895
52.png,0.09999999999999999,0.0,-6.418836944949289,-7.290624892409379
53.png,0.09999999999999999,0.0,-6.412037600192692,-7.290513927957723
54.png,0.09999999999999999,0.0,-6.40183901098709,-7.290347534526716
55.png,0.09999999999999999,0.0,-6.361044680096553,-7.289681204861501
56.png,0.09999999999999999,0.0,-6.350846277691624,-7.2895144485211425
57.png,0.09999999999999999,0.0,-6.33724829149129,-7.289292071889532
58.png,0.09999999999999999,0.0,-6.327049395820197,-7.2891251436187705
59.png,0.09999999999999999,0.0,-6.316850898114879,-7.288958211227856
60.png,0.09999999999999999,0.0,-6.3066524570887355,-7.288791181857385
61.png,0.09999999999999999,0.0,-6.296453949650721,-7.28862414205949
62.png,0.09999999999999999,0.0,-6.286255083340876,-7.2884569570780116
63.png,0.09999999999999999,0.0,-6.272657055549459,-7.288234034867498
64.png,0.09999999999999999,0.0,-6.272657055549459,-7.288234034867498
65.png,0.09999999999999999,0.0,-6.269257572607522,-7.288178268427719
66.png,0.09999999999999999,0.0,-6.259059115211279,-7.288010980811617
67.png,0.09999999999999999,0.0,-6.248860445320233,-7.287843590731834
68.png,0.09999999999999999,0.0,-6.2250637450295745,-7.287452789990619
69.png,0.09999999999999999,0.0,-6.20466650375713,-7.28711758375945
70.png,0.09999999999999999,0.0,-6.184269474859133,-7.2867821035154625
71.png,0.09999999999999999,0.0,-6.170671510897469,-7.286558342562414
72.png,0.09999999999999999,0.0,-6.153673634406974,-7.286278435458781
73.png,0.09999999999999999,0.0,-6.133276755953651,-7.2859423362611855
74.png,0.09999999999999999,0.0,-6.123078073479263,-7.285774186635345
75.png,0.09999999999999999,0.0,-6.1128793774171735,-7.285605968759583
76.png,0.09999999999999999,0.0,-6.099281445779166,-7.285381569515554
77.png,0.09999999999999999,0.0,-6.085683450674432,-7.285157115381375
78.png,0.09999999999999999,0.0,-6.075484644254978,-7.284988647090041
79.png,0.09999999999999999,0.0,-6.031290882954808,-7.284258012456702
80.png,0.09999999999999999,0.0,-6.0210924702616015,-7.284089244891688
81.png,0.09999999999999999,0.0,-6.010893929259418,-7.28392039531601
82.png,0.09999999999999999,0.0,-6.000695398255264,-7.283751523183306
83.png,0.09999999999999999,0.0,-5.987097179468878,-7.283526208870349
84.png,0.09999999999999999,0.0,-5.976898751583578,-7.283357153041736
85.png,0.09999999999999999,0.0,-5.966700262285023,-7.28318803822492
86.png,0.09999999999999999,0.0,-5.953102109132301,-7.28296243385494
87.png,0.09999999999999999,0.0,-5.953102109132301,-7.28296243385494
88.png,0.09999999999999999,0.0,-5.9429035622518205,-7.282793198944101
89.png,0.09999999999999999,0.0,-5.9395041006459035,-7.282736769366851
90.png,0.09999999999999999,0.0,-5.929305557532771,-7.282567405583215
91.png,0.09999999999999999,0.0,-5.89870992370367,-7.282059016997799
92.png,0.09999999999999999,0.0,-5.888511378528721,-7.281889397035732
93.png,0.09999999999999999,0.0,-5.874913405169089,-7.28166319427737
94.png,0.09999999999999999,0.0,-5.861315201144247,-7.281436848240897
95.png,0.09999999999999999,0.0,-5.8239205131002665,-7.280813838050232
96.png,0.09999999999999999,0.0,-5.813722066258494,-7.280643803661281
97.png,0.09999999999999999,0.0,-5.800124054051531,-7.280416951912702
98.png,0.09999999999999999,0.0,-5.7899255757226396,-7.280246749512909
99.png,0.09999999999999999,0.0,-5.776327438003997,-7.280019713772429
100.png,0.09999999999999999,0.0,-5.766128989483962,-7.279849345758476
101.png,0.09999999999999999,0.0,-5.759329949115956,-7.279735756449384
102.png,0.09999999999999999,0.0,-5.732133880299744,-7.279281082764849
103.png,0.09999999999999999,0.0,-5.732133880299744,-7.279281082764849
104.png,0.09999999999999999,0.0,-5.728734424521135,-7.279224203861986
105.png,0.09999999999999999,0.0,-5.721935376334853,-7.279110421497339
106.png,0.09999999999999999,0.0,-5.704937864978865,-7.278825940254744
107.png,0.09999999999999999,0.0,-5.687940343709137,-7.278541248694044
108.png,0.09999999999999999,0.0,-5.6641437930836105,-7.2781423989582805
109.png,0.09999999999999999,0.0,-5.650545707192611,-7.277914329805843
110.png,0.09999999999999999,0.0,-5.6403472195853555,-7.277743182586656
111.png,0.09999999999999999,0.0,-5.6301487326214446,-7.277572005402454
112.png,0.09999999999999999,0.0,-5.6165506335675675,-7.2773436246234775
113.png,0.09999999999999999,0.0,-5.5995531647203665,-7.2770580527954785
114.png,0.09999999999999999,0.0,-5.582555690551824,-7.276772297121802
115.png,0.09999999999999999,0.0,-5.565558155346326,-7.276486339857327
116.png,0.09999999999999999,0.0,-5.517965179509546,-7.275684768650207
117.png,0.09999999999999999,0.0,-5.517965179509546,-7.275684768650207
118.png,0.09999999999999999,0.0,-5.514565659388787,-7.275627443052951
119.png,0.09999999999999999,0.0,-5.511166143440429,-7.275570119650447
120.png,0.09999999999999999,0.0,-5.504367178103165,-7.275455497044929
121.png,0.09999999999999999,0.0,-5.490769100300917,-7.275226083369089
122.png,0.09999999999999999,0.0,-5.477171178647163,-7.274996612585962
123.png,0.09999999999999999,0.0,-5.466972663581841,-7.274824394174205
124.png,0.09999999999999999,0.0,-5.422779171497625,-7.274077499560354
125.png,0.09999999999999999,0.0,-5.409181146247658,-7.273847431149631
126.png,0.09999999999999999,0.0,-5.395583193886516,-7.273617285359534
127.png,0.09999999999999999,0.0,-5.381985199731123,-7.2733869901166495
128.png,0.09999999999999999,0.0,-5.36498767986652,-7.2730989603645515
129.png,0.09999999999999999,0.0,-5.35138981495788,-7.272868454314805
130.png,0.09999999999999999,0.0,-5.341191282066001,-7.272695478268322
131.png,0.09999999999999999,0.0,-5.320794304399211,-7.272349332738038
132.png,0.09999999999999999,0.0,-5.317394824223449,-7.272291635998116
133.png,0.09999999999999999,0.0,-5.3139953663106025,-7.272233928804667
134.png,0.09999999999999999,0.0,-5.310595924013316,-7.272176190023534
135.png,0.09999999999999999,0.0,-5.296997924452899,-7.2719452004710705
136.png,0.09999999999999999,0.0,-5.286799461489317,-7.27177190865833
137.png,0.09999999999999999,0.0,-5.273201456511152,-7.271540737500008
138.png,0.09999999999999999,0.0,-5.259603460303498,-7.271309432976793
139.png,0.09999999999999999,0.0,-5.246005565107869,-7.271078054551297
140.png,0.09999999999999999,0.0,-5.239206502517033,-7.270962279715642
141.png,0.09999999999999999,0.0,-5.229008097193849,-7.270788641728327
142.png,0.09999999999999999,0.0,-5.1882142028650975,-7.270093355790467
143.png,0.09999999999999999,0.0,-5.1746161974034806,-7.269861353520361
144.png,0.09999999999999999,0.0,-5.164417812855605,-7.26968731827369
145.png,0.09999999999999999,0.0,-5.154219247882054,-7.269513175555369
146.png,0.09999999999999999,0.0,-5.140621392677346,-7.269280927552794
147.png,0.09999999999999999,0.0,-5.137221880490573,-7.269222823946643
148.png,0.09999999999999999,0.0,-5.1338223805384295,-7.269164730032258
149.png,0.09999999999999999,0.0,-5.130422915610014,-7.269106641025258
150.png,0.09999999999999999,0.0,-5.127023446469922,-7.269048555603839
151.png,0.09999999999999999,0.0,-5.110025969061945,-7.268757907045141
152.png,0.09999999999999999,0.0,-5.106626530656922,-7.26869977063931
153.png,0.09999999999999999,0.0,-5.089629100841779,-7.268408923763867
154.png,0.09999999999999999,0.0,-5.06923214660022,-7.268059687852553
155.png,0.09999999999999999,0.0,-5.052234772005029,-7.267768451524895
156.png,0.09999999999999999,0.0,-5.045435801589814,-7.267651949678095
157.png,0.09999999999999999,0.0,-5.0318378335184475,-7.267418776646808
158.png,0.09999999999999999,0.0,-5.008041449405785,-7.267010479866014
159.png,0.09999999999999999,0.0,-4.991044047284244,-7.266718640420577
160.png,0.09999999999999999,0.0,-4.97064720823121,-7.266368181168851
161.png,0.09999999999999999,0.0,-4.957049316793037,-7.266134427119046
162.png,0.09999999999999999,0.0,-4.9400518415822905,-7.265842055149341
163.png,0.09999999999999999,0.0,-4.929853488203424,-7.265666537885607
164.png,0.09999999999999999,0.0,-4.919655014938406,-7.265490967619111
165.png,0.09999999999999999,0.0,-4.909456603162048,-7.265315346378493
166.png,0.09999999999999999,0.0,-4.8992581163648525,-7.265139644667691
167.png,0.09999999999999999,0.0,-4.889059777592323,-7.264963885381306
168.png,0.09999999999999999,0.0,-4.878861280418427,-7.2647880565139005
169.png,0.09999999999999999,0.0,-4.861863873987621,-7.264494872854712
170.png,0.09999999999999999,0.0,-4.8414669914496615,-7.264142832814631
171.png,0.09999999999999999,0.0,-4.821070150112052,-7.263790531123417
172.png,0.09999999999999999,0.0,-4.807472318931532,-7.263555564707667
173.png,0.09999999999999999,0.0,-4.79727380197765,-7.263379220357573
174.png,0.09999999999999999,0.0,-4.780276448221593,-7.2630851975286905
175.png,0.09999999999999999,0.0,-4.746281780967108,-7.262496682740141
176.png,0.09999999999999999,0.0,-4.7360832656578875,-7.262319965689728
177.png,0.09999999999999999,0.0,-4.7224854681802535,-7.262084287383168
178.png,0.09999999999999999,0.0,-4.712287023514623,-7.261907421513034
179.png,0.09999999999999999,0.0,-4.698689190991883,-7.261671532267909
180.png,0.09999999999999999,0.0,-4.698689190991883,-7.261671532267909
181.png,0.09999999999999999,0.0,-4.695289637628183,-7.261612530761
182.png,0.09999999999999999,0.0,-4.69189017722677,-7.261553535741305
183.png,0.09999999999999999,0.0,-4.6850913082103975,-7.261435543774235
184.png,0.09999999999999999,0.0,-4.67489286959243,-7.261258425168292
185.png,0.09999999999999999,0.0,-4.661295070063007,-7.261022259786794
186.png,0.09999999999999999,0.0,-4.651096539041186,-7.26084501587308
187.png,0.09999999999999999,0.0,-4.637498755304749,-7.26060863105334
188.png,0.09999999999999999,0.0,-4.6239008577128535,-7.2603721288711185
189.png,0.09999999999999999,0.0,-4.596705123220423,-7.259898777042541
190.png,0.09999999999999999,0.0,-4.56950928932264,-7.259424954369652
191.png,0.09999999999999999,0.0,-4.555911524710673,-7.25918791831823
192.png,0.09999999999999999,0.0,-4.542313603336233,-7.258950733627602
193.png,0.09999999999999999,0.0,-4.5321152347310605,-7.258772785818882
194.png,0.09999999999999999,0.0,-4.518517394201144,-7.2585354237404776
195.png,0.09999999999999999,0.0,-4.508318959710804,-7.258357294877289
196.png,0.09999999999999999,0.0,-4.498120624537301,-7.258179151162853
197.png,0.09999999999999999,0.0,-4.487922227521403,-7.258000901617282
198.png,0.09999999999999999,0.0,-4.47772385053473,-7.257822635015984
199.png,0.09999999999999999,0.0,-4.450528178539706,-7.2573468841082915
200.png,0.09999999999999999,0.0,-4.436930294159423,-7.25710883813846
201.png,0.09999999999999999,0.0,-4.426731910583463,-7.256930232353771
202.png,0.09999999999999999,0.0,-4.413134056901531,-7.256692007449539
203.png,0.09999999999999999,0.0,-4.402935650047807,-7.256513215993173
204.png,0.09999999999999999,0.0,-4.392737319911119,-7.256334432908998
205.png,0.09999999999999999,0.0,-4.392737319911119,-7.256334432908998
206.png,0.09999999999999999,0.0,-4.389337871020607,-7.256274819547729
207.png,0.09999999999999999,0.0,-4.37573994842745,-7.256036261579427
208.png,0.09999999999999999,0.0,-4.355343191356281,-7.255678232856624
209.png,0.09999999999999999,0.0,-4.341745385973221,-7.255439405575872
210.png,0.09999999999999999,0.0,-4.321348671376254,-7.255080973086472
211.png,0.09999999999999999,0.0,-4.304351418890936,-7.254782104068683
212.png,0.09999999999999999,0.0,-4.29075355530648,-7.254542856114651
213.png,0.09999999999999999,0.0,-4.273756259465631,-7.254243623715934
214.png,0.09999999999999999,0.0,-4.256759030500685,-7.253944231455959
215.png,0.09999999999999999,0.0,-4.243161271711185,-7.253704631868299
216.png,0.09999999999999999,0.0,-4.232962804419125,-7.2535248119798945
217.png,0.09999999999999999,0.0,-4.222764516586249,-7.253344983948136
218.png,0.09999999999999999,0.0,-4.219365085007188,-7.253285001031832
219.png,0.09999999999999999,0.0,-4.205767221259517,-7.2530450646711
220.png,0.09999999999999999,0.0,-4.164973755690913,-7.252324579091517
221.png,0.09999999999999999,0.0,-4.144577030883581,-7.251963969697272
222.png,0.09999999999999999,0.0,-4.124180340015578,-7.251603093598928
223.png,0.09999999999999999,0.0,-4.117381487631921,-7.251482770245592
224.png,0.09999999999999999,0.0,-4.103783649298518,-7.251241981768171
225.png,0.09999999999999999,0.0,-4.093585395616714,-7.251061333193738
226.png,0.09999999999999999,0.0,-4.079987559045956,-7.250820367061011
227.png,0.09999999999999999,0.0,-4.069789248129115,-7.250639549653526
228.png,0.09999999999999999,0.0,-4.059590887501879,-7.250458701911767
229.png,0.09999999999999999,0.0,-4.049392539786528,-7.250277775375816
230.png,0.09999999999999999,0.0,-4.035794762980991,-7.250036457744419
231.png,0.09999999999999999,0.0,-4.025596389889017,-7.2498553450344145
232.png,0.09999999999999999,0.0,-4.011998670836974,-7.249613854874247
233.png,0.09999999999999999,0.0,-3.9984008147668124,-7.249372206461303
234.png,0.09999999999999999,0.0,-3.9848030375038044,-7.249130444138536
235.png,0.09999999999999999,0.0,-3.974604722356584,-7.248949076714671
236.png,0.09999999999999999,0.0,-3.9712052906718536,-7.248888609513506
237.png,0.09999999999999999,0.0,-3.967805828886159,-7.248828126709086
238.png,0.09999999999999999,0.0,-3.964406357192168,-7.248767609334585
239.png,0.09999999999999999,0.0,-3.9236130673694136,-7.2480412024784195
240.png,0.09999999999999999,0.0,-3.9236130673694136,-7.2480412024784195
241.png,0.09999999999999999,0.0,-3.920213585551641,-7.247980608087123
242.png,0.09999999999999999,0.0,-3.916814133250877,-7.247920040161313
243.png,0.09999999999999999,0.0,-3.903216432288445,-7.247677631354642
244.png,0.09999999999999999,0.0,-3.8862192444882964,-7.2473744668072895
245.png,0.09999999999999999,0.0,-3.845425985063443,-7.246646128530347
246.png,0.09999999999999999,0.0,-3.831828175933871,-7.246403108600897
247.png,0.09999999999999999,0.0,-3.8148309572968397,-7.246099181483294
248.png,0.09999999999999999,0.0,-3.7978338352751657,-7.245795109138644
249.png,0.09999999999999999,0.0,-3.7876354946688755,-7.245612583767469
250.png,0.09999999999999999,0.0,-3.777437176867064,-7.245429984801835
251.png,0.09999999999999999,0.0,-3.7672388263164063,-7.245247335970376
252.png,0.09999999999999999,0.0,-3.753641050445044,-7.245003666427713
253.png,0.09999999999999999,0.0,-3.753641050445044,-7.245003666427713
254.png,0.09999999999999999,0.0,-3.750241610395953,-7.24494275052875
255.png,0.09999999999999999,0.0,-3.7400433782881657,-7.244759951000871
256.png,0.09999999999999999,0.0,-3.723046194028776,-7.244455092508814
257.png,0.09999999999999999,0.0,-3.7094483949113464,-7.244211068393518
258.png,0.09999999999999999,0.0,-3.695850763055156,-7.243966969775544
259.png,0.09999999999999999,0.0,-3.682253002666754,-7.2437227442241845
260.png,0.09999999999999999,0.0,-3.668655227704819,-7.2434783806171845
261.png,0.09999999999999999,0.0,-3.631261542555234,-7.242805905289501
262.png,0.09999999999999999,0.0,-3.6210632246422083,-7.242622343872516
263.png,0.09999999999999999,0.0,-3.6074654958187065,-7.242377483595799
264.png,0.09999999999999999,0.0,-3.593867818396448,-7.242132562551901
265.png,0.09999999999999999,0.0,-3.583669462001431,-7.241948748332656
266.png,0.09999999999999999,0.0,-3.5700718254479744,-7.241703619721468
267.png,0.09999999999999999,0.0,-3.5598734343581384,-7.24151967563197
268.png,0.09999999999999999,0.0,-3.5462757691476123,-7.241274335904913
269.png,0.09999999999999999,0.0,-3.5326780819946073,-7.241028901769946
270.png,0.09999999999999999,0.0,-3.519080280318159,-7.240783320124231
271.png,0.09999999999999999,0.0,-3.508882082411678,-7.240599102617225
272.png,0.09999999999999999,0.0,-3.4952843377373513,-7.240353337245068
273.png,0.09999999999999999,0.0,-3.485086095444035,-7.24016894820674
274.png,0.09999999999999999,0.0,-3.4748877931784046,-7.2399844840336725
275.png,0.09999999999999999,0.0,-3.4578906465217254,-7.239676920806117
276.png,0.09999999999999999,0.0,-3.437494122582984,-7.2393076063831145
277.png,0.09999999999999999,0.0,-3.437494122582984,-7.2393076063831145
278.png,0.09999999999999999,0.0,-3.434094714396431,-7.239246039218466
280.png,0.0,-0.1,-6.999379091787765,-7.29869422646462
281.png,0.0,-0.1,-6.999379091787765,-7.29869422646462
282.png,0.0,-0.1,-6.999181059838675,-7.298375544142312
283.png,0.0,-0.1,-6.999181059838675,-7.298375544142312
284.png,0.0,-0.1,-6.999030830288663,-7.298157426380701
285.png,0.0,-0.1,-6.998890419939752,-7.297969418835048
286.png,0.0,-0.1,-6.9987902664991966,-7.297843798372095
287.png,0.0,-0.1,-6.998703063361777,-7.2977397388342045
288.png,0.0,-0.1,-6.998703063361777,-7.2977397388342045
289.png,0.0,-0.1,-6.998494652394737,-7.297509243906336
290.png,0.0,-0.1,-6.998387724699215,-7.2973999818282245
291.png,0.0,-0.1,-6.998294223170853,-7.297309141892313
292.png,0.0,-0.1,-6.9981990433896675,-7.297220660898229
293.png,0.0,-0.1,-6.998053146402535,-7.297092349535807
294.png,0.0,-0.1,-6.9980366710263855,-7.297078382320198
295.png,0.0,-0.1,-6.997953170549021,-7.297009296333453
296.png,0.0,-0.1,-6.9977295747338415,-7.296835772907677
297.png,0.0,-0.1,-6.997694157797537,-7.296809692716455
298.png,0.0,-0.1,-6.997458414160458,-7.2966456945605005
299.png,0.0,-0.1,-6.99734592446564,-7.296572643363499
300.png,0.0,-0.1,-6.997152304924512,-7.296453976953867
301.png,0.0,-0.1,-6.997152304924512,-7.296453976953867
302.png,0.0,-0.1,-6.996761443366663,-7.296238325761439
303.png,0.0,-0.1,-6.996630749558308,-7.296172494392218
304.png,0.0,-0.1,-6.996475069362332,-7.296097682959513
305.png,0.0,-0.1,-6.996475069362332,-7.296097682959513
306.png,0.0,-0.1,-6.996359216443504,-7.296044533481828
307.png,0.0,-0.1,-6.996121794233401,-7.29594126742979
308.png,0.0,-0.1,-6.995897055834915,-7.295850650069165
309.png,0.0,-0.1,-6.995820343788572,-7.295821022196368
310.png,0.0,-0.1,-6.995527390465896,-7.295714749605532
311.png,0.0,-0.1,-6.995333063106348,-7.2956493364464094
312.png,0.0,-0.1,-6.995131804871576,-7.29558573294787
313.png,0.0,-0.1,-6.994953713245179,-7.295532836805726
314.png,0.0,-0.1,-6.994770888934581,-7.295481486222496
315.png,0.0,-0.1,-6.994614206351039,-7.295440064190562
316.png,0.0,-0.1,-6.994485493783901,-7.295407607832888
317.png,0.0,0.0,-7.000037919410593,-7.2999554283023755
318.png,0.0,0.0,-7.000041650737001,-7.299950094340208
319.png,0.0,0.0,-7.000063905079647,-7.299924484984941
320.png,0.0,0.0,-7.000074959415675,-7.299911735555195
321.png,0.0,0.0,-7.000285930425613,-7.299679601515996
322.png,0.0,0.0,-7.000285930425613,-7.299679601515996
323.png,0.0,0.0,-7.000465944955674,-7.299499841897769
324.png,0.0,0.0,-7.00062262769779,-7.299355577489064
325.png,0.0,0.0,-7.00062262769779,-7.299355577489064
326.png,0.0,0.1,-7.000819524285948,-7.299188313554625
327.png,0.0,0.1,-7.000819524285948,-7.299188313554625
328.png,0.0,0.1,-7.001044919941167,-7.299013895341175
329.png,0.0,0.1,-7.001153357823754,-7.298935555779027
330.png,0.0,0.1,-7.001264560877148,-7.298858669964639
331.png,0.0,0.1,-7.00137922892928,-7.298782891994432
332.png,0.0,0.1,-7.00149742164184,-7.298708009904303
333.png,0.0,0.1,-7.001618855590083,-7.298634406612601
334.png,0.0,0.1,-7.001764776256807,-7.298550132634019
335.png,0.0,0.1,-7.001893643349832,-7.298479230346072
336.png,0.0,0.1,-7.001893643349832,-7.298479230346072
337.png,0.0,0.1,-7.002208802272173,-7.29831845626737
338.png,0.0,0.1,-7.0023745425506405,-7.298240460994078
339.png,0.0,0.1,-7.002521128780348,-7.298174947700509
340.png,0.0,0.1,-7.002697281445223,-7.298100191904101
341.png,0.0,0.1,-7.0028528266975645,-7.298037554260953
342.png,0.0,0.1,-7.003040310820362,-7.297966236127502
343.png,0.0,0.1,-7.003040310820362,-7.297966236127502
344.png,0.0,0.1,-7.003404761157268,-7.297839006811498
345.png,0.0,0.1,-7.003550881310686,-7.297791984213505
346.png,0.0,0.1,-7.0035802850122515,-7.297782793238969
347.png,0.0,0.1,-7.004008409393022,-7.297658622651672
348.png,0.0,0.1,-7.004040186296162,-7.297650103008665
349.png,0.0,0.1,-7.004232313462989,-7.297600445202008
350.png,0.0,0.1,-7.004496937614952,-7.297537388125815
351.png,0.0,0.1,-7.004874000472092,-7.2974574160602845
352.png,0.0,0.1,-7.005049873880962,-7.297424036554139
353.png,0.0,0.1,-7.005266583289875,-7.297385873934099
354.png,0.0,0.0,-6.47937964949721,-7.299797150349094
355.png,0.0,0.0,-6.47937964949721,-7.299797150349094
356.png,0.0,-0.1,-6.47928002587812,-7.299674505643975
357.png,0.0,-0.1,-6.479210246707825,-7.299592317925856
358.png,0.0,-0.1,-6.479196005773689,-7.299575911786771
359.png,0.0,-0.1,-6.479007820813302,-7.299370131130779
360.png,0.0,-0.1,-6.479007820813302,-7.299370131130779
361.png,0.0,-0.1,-6.478873180387983,-7.299234466541928
362.png,0.0,-0.1,-6.478796459992543,-7.2991610548836805
363.png,0.0,-0.1,-6.478749962920185,-7.299117890919083
364.png,0.0,-0.1,-6.478525296709277,-7.298921893285154
365.png,0.0,-0.1,-6.478425137644069,-7.298840836566975
366.png,0.0,-0.1,-6.478305127568997,-7.298748109481096
367.png,0.0,-0.1,-6.4781994441344395,-7.298670294157001
368.png,0.0,-0.1,-6.478090734591039,-7.298593753125268
369.png,0.0,-0.1,-6.477979031077008,-7.298518404950055
370.png,0.0,-0.1,-6.477960140206104,-7.298505977018288
371.png,0.0,-0.1,-6.477922025367038,-7.298481138873232
372.png,0.0,-0.1,-6.4778643335599195,-7.298444338182378
373.png,0.0,-0.1,-6.477686367638591,-7.298335623896871
374.png,0.0,-0.1,-6.4775217563099385,-7.298241178623214
375.png,0.0,-0.1,-6.477415628479775,-7.298183190741781
376.png,0.0,-0.1,-6.477262762382296,-7.298103313902426
377.png,0.0,-0.1,-6.477127370329539,-7.29803594958413
378.png,0.0,-0.1,-6.476987959832021,-7.29796973152604
379.png,0.0,-0.1,-6.476621161241978,-7.29780936019068
380.png,0.0,-0.1,-6.476466034754826,-7.297747161284323
381.png,0.0,-0.1,-6.47630626284058,-7.297686029025408
382.png,0.0,-0.1,-6.4761423264005185,-7.297626533493017
383.png,0.0,-0.1,-6.476001517197225,-7.297577798802723
384.png,0.0,-0.1,-6.475857903113115,-7.2975303370144005
385.png,0.0,-0.1,-6.475799047295363,-7.297511473176332
386.png,0.0,-0.1,-6.475342568472439,-7.297377036604313
387.png,0.0,-0.1,-6.475311215315547,-7.297368531723327
388.png,0.0,-0.1,-6.475085521182579,-7.2973097866750605
389.png,0.0,-0.1,-6.474987408711187,-7.297285723663287
390.png,0.0,0.0,-6.4676283997120345,-7.296778179436306
391.png,0.0,0.0,-6.467636511140037,-7.296768861299529
392.png,0.0,0.0,-6.467636511140037,-7.296768861299529
393.png,0.0,0.1,-6.46771543947739,-7.296672774260816
394.png,0.0,0.1,-6.467798483043865,-7.2965811014151285
395.png,0.0,0.1,-6.467879458473999,-7.296507572178406
396.png,0.0,0.1,-6.46793765619208,-7.296457919344979
397.png,0.0,0.1,-6.4679600434667535,-7.2964361813392875
398.png,0.0,0.1,-6.468122334565778,-7.296291275250883
399.png,0.0,0.1,-6.468162093821579,-7.296275558373349
400.png,0.0,0.1,-6.468713446986573,-7.295777225002029
401.png,0.0,0.1,-6.468726891617239,-7.295755204460487
402.png,0.0,0.1,-6.468725720041776,-7.295752301809656
403.png,0.0,0.1,-6.4685311392910325,-7.295857650141036
404.png,0.0,0.1,-6.468294850533484,-7.296053926577844
405.png,0.0,0.1,-6.468296686162724,-7.296056072197253
406.png,0.0,0.1,-6.468326647496052,-7.296074770567555
407.png,0.0,0.1,-6.46867843440932,-7.2958527563726205
408.png,0.0,0.1,-6.468714465680456,-7.295805693524985
409.png,0.0,0.1,-6.468693644008081,-7.295782462531684
410.png,0.0,0.1,-6.468522894147107,-7.29587449790891
411.png,0.0,0.1,-6.468350772695092,-7.295992290826757
412.png,0.0,0.1,-6.46834670414345,-7.296000891152916
413.png,0.0,0.1,-6.468316029935455,-7.296027624226791
414.png,0.0,0.1,-6.4683439042174165,-7.296039835554768
415.png,0.0,0.1,-6.46840946441545,-7.2960074008086595
416.png,0.0,0.1,-6.468719326690855,-7.295864048473625
417.png,0.0,0.1,-6.468993690583294,-7.295731594082501
418.png,0.0,0.1,-6.46918270197041,-7.295644118456292
419.png,0.0,0.1,-6.4694219510904665,-7.295535794368241
420.png,0.0,0.1,-6.4695936410079335,-7.29546057386218
421.png,0.0,0.1,-6.469627646945218,-7.2954460131815795
422.png,0.0,0.1,-6.469971580420698,-7.29530095959774
423.png,0.0,0.1,-6.470254498960589,-7.295184166926449
424.png,0.0,0.1,-6.470503076206449,-7.295086756123248
425.png,0.0,0.1,-6.470688436963603,-7.294992633216438
426.png,0.0,0.1,-6.470688294479166,-7.294982630000146
427.png,0.0,0.1,-6.470681705555251,-7.294981540532173
428.png,0.0,0.1,-6.470473418705736,-7.295022975758098
429.png,0.0,0.1,-6.470243962777066,-7.29512032337786
430.png,0.0,0.1,-6.470235571520283,-7.295129801742171
431.png,0.0,0.1,-6.470235571520283,-7.295129801742171
432.png,0.0,0.1,-6.470678861673882,-7.295011493605996
433.png,0.0,0.1,-6.470708268081715,-7.2950089961513065
434.png,0.0,0.1,-6.470692151953213,-7.2949996842429305
435.png,0.0,0.1,-6.4704823551723845,-7.295019599619451
436.png,0.0,0.1,-6.470251918809291,-7.29507089396148
437.png,0.0,0.0,-5.240088645202138,-7.298730111753106
438.png,0.0,0.0,-5.240088645202138,-7.298730111753106
439.png,0.0,0.1,-5.240089034538452,-7.298729676147392
440.png,0.0,0.1,-5.240209908416857,-7.298606453035705
441.png,0.0,0.1,-5.240239882482171,-7.298576990810677
442.png,0.0,0.1,-5.240441207355568,-7.298389451236328
443.png,0.0,0.1,-5.240537068665429,-7.298306209343222
444.png,0.0,0.1,-5.240652596274893,-7.298210506587687
445.png,0.0,0.1,-5.240771478250493,-7.2981169832508765
446.png,0.0,0.1,-5.240876791949256,-7.2980379324113045
447.png,0.0,0.1,-5.240966892932643,-7.297973077749943
448.png,0.0,0.1,-5.241115538743151,-7.297871061225475
449.png,0.0,0.1,-5.241115538743151,-7.297871061225475
450.png,0.0,0.1,-5.24136932456613,-7.29770973115043
451.png,0.0,0.1,-5.24136932456613,-7.29770973115043
452.png,0.0,0.1,-5.241618953547053,-7.297565132088138
453.png,0.0,0.1,-5.2417054384535815,-7.29751787421555
454.png,0.0,0.1,-5.241838539876812,-7.297447855375548
455.png,0.0,0.1,-5.241998694757363,-7.2973676816012585
456.png,0.0,0.1,-5.242021999355927,-7.297356394507782
457.png,0.0,0.1,-5.242335748731675,-7.297212228476148
458.png,0.0,0.1,-5.242513112801657,-7.297136972733406
459.png,0.0,0.1,-5.242513112801657,-7.297136972733406
460.png,0.0,0.1,-5.242914079771947,-7.296981802455327
461.png,0.0,0.1,-5.242914079771947,-7.296981802455327
462.png,0.0,0.1,-5.24331443112649,-7.296845528361066
463.png,0.0,0.1,-5.24352443724695,-7.296780662357083
464.png,0.0,0.1,-5.24371007062405,-7.296726991102863
465.png,0.0,0.1,-5.243932161543495,-7.296666979116074
466.png,0.0,0.1,-5.244128008423945,-7.296617699707355
467.png,0.0,0.1,-5.244194050521734,-7.296601838027584
468.png,0.0,0.1,-5.244227473006394,-7.296593967450608
469.png,0.0,0.1,-5.244780679295138,-7.2964768880080815
470.png,0.0,0.1,-5.244995506076128,-7.296437947008996
471.png,0.0,0.1,-5.244995506076128,-7.296437947008996
472.png,0.0,0.1,-5.245142873903849,-7.296413069636191
473.png,0.0,0.0,-5.251790439388113,-7.295572378046624
474.png,0.0,-0.1,-5.251541805063982,-7.295208959612263
475.png,0.0,-0.1,-5.251494328973892,-7.295140793665923
476.png,0.0,-0.1,-5.2512861278836,-7.294801471802904
477.png,0.0,-0.1,-5.2512861278836,-7.294801471802904
478.png,0.0,-0.1,-5.25128973318518,-7.29480071132811
479.png,0.0,-0.1,-5.251714293025453,-7.295240821952407
480.png,0.0,-0.1,-5.251751628632256,-7.295318040821877
481.png,0.0,-0.1,-5.251752134957523,-7.295330693986938
482.png,0.0,-0.1,-5.251754943001973,-7.295339478334424
483.png,0.0,-0.1,-5.25175988793947,-7.295346154489898
484.png,0.0,-0.1,-5.251765129740476,-7.295352289810193
485.png,0.0,-0.1,-5.251765129740476,-7.295352289810193
486.png,0.0,-0.1,-5.251807767490221,-7.2952556768578845
487.png,0.0,-0.1,-5.251762063336069,-7.295237820608732
488.png,0.0,-0.1,-5.251579221970548,-7.295100995926742
489.png,0.0,-0.1,-5.251428676001994,-7.295024155297667
490.png,0.0,-0.1,-5.251428676001994,-7.295024155297667
491.png,0.0,-0.1,-5.251071155346798,-7.294798362288911
492.png,0.0,-0.1,-5.2506822699536215,-7.2945558248754265
493.png,0.0,-0.1,-5.2504502567109546,-7.294412327790287
494.png,0.0,-0.1,-5.250225628303493,-7.294278487036919
495.png,0.0,-0.1,-5.249956792875496,-7.29412605164228
496.png,0.0,-0.1,-5.24969711413588,-7.293981482867882
497.png,0.0,-0.1,-5.24969711413588,-7.293981482867882
498.png,0.0,-0.1,-5.2492492708497025,-7.293744399944862
499.png,0.0,-0.1,-5.249212448110489,-7.293725320635269
500.png,0.0,-0.1,-5.248769026202409,-7.293503521331097
501.png,0.0,-0.1,-5.2484740603211835,-7.293362517678563
502.png,0.0,-0.1,-5.24825215956359,-7.293259587006159
503.png,0.0,-0.1,-5.247992767240497,-7.293142639937062
504.png,0.0,-0.1,-5.247769505664102,-7.293044890707321
505.png,0.0,-0.1,-5.24754498334379,-7.292949285942786
506.png,0.0,-0.1,-5.247281305475938,-7.292840150646307
507.png,0.0,-0.1,-5.247015002462591,-7.292733938813796
508.png,0.0,-0.1,-5.247015002462591,-7.292733938813796
509.png,0.0,-0.1,-5.246590874609841,-7.292570924399653
510.png,0.0,-0.1,-5.246590874609841,-7.292570924399653
511.png,0.0,-0.1,-5.246077763584431,-7.29238529963771
512.png,0.0,-0.1,-5.245795433032984,-7.292287714577005
513.png,0.0,-0.1,-5.2456318025143736,-7.292233028328569
514.png,0.0,-0.1,-5.2455493022355455,-7.292205989367548
515.png,0.0,-0.1,-5.245507971353515,-7.292192261956792
516.png,0.0,-0.1,-5.244566446703331,-7.291903393419442
517.png,0.0,-0.1,-5.2442981887668845,-7.29182703314916
518.png,0.0,-0.1,-5.244252901857351,-7.2918145137685295
519.png,0.0,-0.1,-5.2436970659131985,-7.291666028002687
520.png,0.0,-0.1,-5.243409666614751,-7.291593887243639
521.png,0.0,-0.1,-5.243065692922262,-7.291511185371502
522.png,0.0,-0.1,-5.242762896595917,-7.291442307619039
523.png,0.0,0.1,-3.6415397207112106,-7.297915646558155
524.png,0.0,0.1,-3.6417410964527606,-7.29781127374839
525.png,0.0,0.1,-3.641764007480405,-7.297799830972286
526.png,0.0,0.1,-3.641810188769457,-7.2977771064422345
527.png,0.0,0.1,-3.6420739332245837,-7.297653535615755
528.png,0.0,0.1,-3.6420985381185127,-7.297642536734776
529.png,0.0,0.1,-3.6425675004034512,-7.29744877025007
530.png,0.0,0.1,-3.6425675004034512,-7.29744877025007
531.png,0.0,0.1,-3.64290464210398,-7.297326159362934
532.png,0.0,0.1,-3.6429337027311894,-7.297316201786093
533.png,0.0,0.1,-3.643323230511675,-7.2971911489812005
534.png,0.0,0.1,-3.643354199949177,-7.297181860382875
535.png,0.0,0.1,-3.643770340625324,-7.297065965316624
536.png,0.0,0.1,-3.643836317967688,-7.29704902179972
537.png,0.0,0.1,-3.6438696057880895,-7.297040638140173
538.png,0.0,0.1,-3.6442802034900743,-7.296945011620282
539.png,0.0,0.1,-3.644637227825365,-7.29687289597944
540.png,0.0,0.1,-3.64489461958006,-7.296827067961355
541.png,0.0,0.1,-3.6452732723529464,-7.296768579050235
542.png,0.0,0.1,-3.6455846735187225,-7.2967281854102675
543.png,0.0,0.1,-3.6458238506139975,-7.2967018308214735
544.png,0.0,0.1,-3.6461058208038573,-7.29667571190967
545.png,0.0,0.1,-3.646352704325992,-7.29665691257901
546.png,0.0,-0.1,-3.7194987635836987,-7.29744139883878
547.png,0.0,-0.1,-3.7193558360503776,-7.297310894112963
548.png,0.0,-0.1,-3.7193558360503776,-7.297310894112963
549.png,0.0,-0.1,-3.7191583028522572,-7.297143804993415
550.png,0.0,-0.1,-3.719124601475914,-7.297116773172161
551.png,0.0,-0.1,-3.7190906683553795,-7.297089896173564
552.png,0.0,-0.1,-3.718772611290995,-7.296855935006257
553.png,0.0,-0.1,-3.7186614630044077,-7.29678098163459
554.png,0.0,-0.1,-3.7185474131824674,-7.296707527369763
555.png,0.0,-0.1,-3.7185085661646546,-7.296683179169239
556.png,0.0,-0.1,-3.7185085661646546,-7.296683179169239
557.png,0.0,-0.1,-3.7181656468272117,-7.296482923629224
558.png,0.0,-0.1,-3.7180162320857395,-7.296403190099859
559.png,0.0,-0.1,-3.717793992700923,-7.29629166074901
560.png,0.0,-0.1,-3.7175850568243374,-7.296194150372028
561.png,0.0,-0.1,-3.717291989050513,-7.296068073492615
562.png,0.0,-0.1,-3.7170612200492714,-7.295976838518565
563.png,0.0,-0.1,-3.7169019778643206,-7.295917734711076
564.png,0.0,-0.1,-3.7169019778643206,-7.295917734711076
565.png,0.0,-0.1,-3.716540400530757,-7.295794016139952
566.png,0.0,-0.1,-3.716511576170574,-7.295784753082364
567.png,0.0,-0.1,-3.7164531347614207,-7.295766224552985
568.png,0.0,-0.1,-3.715968685864549,-7.29562512280554
569.png,0.0,-0.1,-3.7159060470137186,-7.2956084763989
570.png,0.0,-0.1,-3.7155148789591057,-7.295512296594487
571.png,0.0,-0.1,-3.715311943462371,-7.295467351143981
572.png,0.0,-0.1,-3.7151022188449723,-7.295424379743776
573.png,0.0,-0.1,-3.7148888608882973,-7.295384173858419
574.png,0.0,-0.1,-3.7148523658229338,-7.295377641215635
575.png,0.0,-0.1,-3.714406354606511,-7.295305689343061
576.png,0.0,-0.1,-3.714137193304602,-7.2952692640178185
577.png,0.0,-0.1,-3.7138195135334326,-7.295232768955145
578.png,0.0,-0.1,-3.713779748715203,-7.295228694170098
579.png,0.0,-0.1,-3.713247295186879,-7.295184128707953
580.png,0.0,0.0,-4.467042767371114,-7.298804441746208
581.png,0.0,-0.1,-4.467026946883226,-7.29877822121366
582.png,0.0,-0.1,-4.466964073890837,-7.298672951097166
583.png,0.0,-0.1,-4.466913359290071,-7.298591597737767
584.png,0.0,-0.1,-4.4667560285140615,-7.2983545234416995
585.png,0.0,-0.1,-4.466648911383487,-7.298205029632128
586.png,0.0,-0.1,-4.466553272768011,-7.298078881509664
587.png,0.0,-0.1,-4.466470012508785,-7.297974314016822
588.png,0.0,-0.1,-4.46637095561751,-7.297855985682459
589.png,0.0,-0.1,-4.466255278682552,-7.297725387415198
590.png,0.0,-0.1,-4.466106586928844,-7.297568498976524
591.png,0.0,-0.1,-4.465984064854778,-7.297447608796257
592.png,0.0,-0.1,-4.465889819120503,-7.297359328524407
593.png,0.0,-0.1,-4.465777529066833,-7.297259016106444
594.png,0.0,-0.1,-4.465662449549995,-7.297161414542326
595.png,0.0,-0.1,-4.465544540849109,-7.297066433831076
596.png,0.0,-0.1,-4.465440999494254,-7.296986910480398
597.png,0.0,-0.1,-4.465335018410465,-7.296909015292423
598.png,0.0,-0.1,-4.465208172148084,-7.296820098784326
599.png,0.0,-0.1,-4.46509648143767,-7.296745424972929
600.png,0.0,-0.1,-4.4649625035741956,-7.296660042150743
601.png,0.0,-0.1,-4.464844591945962,-7.29658844189218
602.png,0.0,-0.1,-4.464702916764626,-7.296506350768638
603.png,0.0,-0.1,-4.464577259837601,-7.29643704702709
604.png,0.0,-0.1,-4.464448335030703,-7.296368920985712
605.png,0.0,-0.1,-4.464315979972836,-7.29630208002862
606.png,0.0,-0.1,-4.464156398010213,-7.296225284281564
607.png,0.0,-0.1,-4.464015618531469,-7.296160840876248
608.png,0.0,-0.1,-4.463846537734152,-7.296087289600671
609.png,0.0,-0.1,-4.463620149160337,-7.295994825758338
610.png,0.0,-0.1,-4.463410125478623,-7.295914765240492
611.png,0.0,-0.1,-4.463192750611801,-7.29583746457014
612.png,0.0,-0.1,-4.462967081492179,-7.295762656071612
613.png,0.0,-0.1,-4.4627611629178014,-7.295698799118305
614.png,0.0,-0.1,-4.462519198786589,-7.2956288709254595
615.png,0.0,-0.1,-4.462298159230544,-7.29556978926254
616.png,0.0,-0.1,-4.461971259824905,-7.295490260525511
617.png,0.0,-0.1,-4.461699615189013,-7.2954308164786035
618.png,0.0,-0.1,-4.461488035234234,-7.295388667370141
619.png,0.0,-0.1,-4.461236535122193,-7.295342906253442
620.png,0.0,-0.1,-4.460976724471191,-7.29530054497114
621.png,0.0,-0.1,-4.460709806660867,-7.295262229438157
622.png,0.0,-0.1,-4.460357422871392,-7.295219337640097
623.png,0.0,-0.1,-4.460075766721174,-7.29519109391215
624.png,0.0,-0.1,-4.459828559287601,-7.295170693291335
625.png,0.0,-0.1,-4.459365728133681,-7.295142959997671
626.png,0.0,0.0,-4.2530162081863265,-7.298789921647258
627.png,0.0,0.1,-4.253020618536758,-7.298779532186506
628.png,0.0,0.1,-4.253066523125913,-7.298682296370777
629.png,0.0,0.1,-4.253137184374748,-7.298539071192642
630.png,0.0,0.1,-4.253261283713089,-7.298303158025465
631.png,0.0,0.1,-4.253337318785667,-7.298167691002998
632.png,0.0,0.1,-4.2534278562614185,-7.298014536067788
633.png,0.0,0.1,-4.253493541234942,-7.297908528904198
634.png,0.0,0.1,-4.253614734144623,-7.297723622852649
635.png,0.0,0.1,-4.253725244694133,-7.297565935112684
636.png,0.0,0.1,-4.253824113133298,-7.297432670293056
637.png,0.0,0.1,-4.2539835886301045,-7.297232154624301
638.png,0.0,0.1,-4.254073126107646,-7.297126528700276
639.png,0.0,0.1,-4.2542101510664025,-7.296973854305021
640.png,0.0,0.1,-4.254319001372332,-7.296859623585753
641.png,0.0,0.1,-4.254429961600508,-7.296749142418383
642.png,0.0,0.1,-4.254543157981819,-7.296642170656726
643.png,0.0,0.1,-4.254642008094388,-7.296553042722555
644.png,0.0,0.1,-4.254759987985075,-7.296451810806068
645.png,0.0,0.1,-4.254863299909852,-7.296367373080843
646.png,0.0,0.1,-4.254968474118336,-7.2962850735598375
647.png,0.0,0.1,-4.255075604760201,-7.2962048102071755
648.png,0.0,0.1,-4.25520395895847,-7.296113190631073
649.png,0.0,0.1,-4.255316630608852,-7.296036511724641
650.png,0.0,0.1,-4.255450854238122,-7.295949296478623
651.png,0.0,0.1,-4.255608456465255,-7.295852339151594
652.png,0.0,0.1,-4.255791739404745,-7.295746341988616
653.png,0.0,0.1,-4.2559181453216866,-7.295677189230488
654.png,0.0,0.1,-4.256046715953822,-7.295609885564408
655.png,0.0,0.1,-4.256179398738984,-7.295543437217051
656.png,0.0,0.1,-4.256407590059251,-7.295435907879408
657.png,0.0,0.1,-4.256524283563918,-7.2953840009904
658.png,0.0,0.1,-4.256694443212768,-7.295311712314352
659.png,0.0,0.1,-4.256867839834719,-7.295242058105136
660.png,0.0,0.1,-4.257047998058572,-7.295173396860311
661.png,0.0,0.1,-4.257206409709711,-7.295116328215468
662.png,0.0,0.1,-4.257480272259425,-7.295024185306918
663.png,0.0,0.1,-4.257680003606844,-7.294961883698408
664.png,0.0,0.1,-4.257975062592133,-7.294877352135835
665.png,0.0,0.1,-4.258158804489859,-7.294828749266906
666.png,0.0,0.1,-4.25834696145485,-7.294782148523145
667.png,0.0,0.1,-4.258539938894748,-7.294737484088315
668.png,0.0,0.1,-4.25873795954569,-7.294694944626231
669.png,0.0,0.1,-4.258974306170152,-7.294648524752717
670.png,0.0,0.1,-4.259182285800028,-7.294611348888017
671.png,0.0,0.1,-4.259429987470512,-7.29457129309605
672.png,0.0,0.1,-4.259758427055755,-7.294525269657925
673.png,0.0,0.1,-4.260020767108265,-7.294493967274554
674.png,0.0,0.1,-4.260211184770764,-7.294474346643973
675.png,0.0,0.1,-4.260522613020568,-7.294448202535669
676.png,0.0,0.0,-5.995528460901398,-7.29905642707757
677.png,0.0,-0.1,-5.9955049909427185,-7.299016188449449
678.png,0.0,-0.1,-5.995361010986798,-7.29877929475545
679.png,0.0,-0.1,-5.9952430915910355,-7.2986005474664415
680.png,0.0,-0.1,-5.995149874007279,-7.29846763143155
681.png,0.0,-0.1,-5.995054925520075,-7.29833924496235
682.png,0.0,-0.1,-5.9949723299549875,-7.298232893261299
683.png,0.0,-0.1,-5.99484559201647,-7.298078829392501
684.png,0.0,-0.1,-5.994700917041789,-7.297915249981218
685.png,0.0,-0.1,-5.99459701005025,-7.297804922196098
686.png,0.0,-0.1,-5.9945213952862755,-7.297728157037058
687.png,0.0,-0.1,-5.994413029020687,-7.297623046679944
688.png,0.0,-0.1,-5.994302217606585,-7.297520906477574
689.png,0.0,-0.1,-5.994205221363232,-7.2974356729295335
690.png,0.0,-0.1,-5.9940894536609575,-7.297338735442163
691.png,0.0,-0.1,-5.993987896844399,-7.297257642427756
692.png,0.0,-0.1,-5.993831312587098,-7.297139374253802
693.png,0.0,-0.1,-5.993705697912913,-7.297049783733151
694.png,0.0,-0.1,-5.9935762698724355,-7.296962244295734
695.png,0.0,-0.1,-5.993423740828037,-7.296864487378147
696.png,0.0,-0.1,-5.993285953272879,-7.296780867766512
697.png,0.0,-0.1,-5.993185163982481,-7.296722393725877
698.png,0.0,-0.1,-5.99303913196039,-7.29664139784817
699.png,0.0,-0.1,-5.992910263860832,-7.29657310220476
700.png,0.0,-0.1,-5.992687809548866,-7.2964621575203745
701.png,0.0,-0.1,-5.992549537105987,-7.2963972781052835
702.png,0.0,-0.1,-5.992309849640193,-7.296291503449318
703.png,0.0,-0.1,-5.992109907353471,-7.296209319575881
704.png,0.0,-0.1,-5.991875078293424,-7.296119218346203
705.png,0.0,-0.1,-5.991712929317216,-7.2960608569804695
706.png,0.0,-0.1,-5.9914899804213535,-7.295985389082126
707.png,0.0,-0.1,-5.9913159468444,-7.295929991117016
708.png,0.0,-0.1,-5.991138374237775,-7.295876380064228
709.png,0.0,-0.1,-5.990923026815981,-7.295815574883844
710.png,0.0,-0.1,-5.99073408979237,-7.295765546131818
711.png,0.0,-0.1,-5.990571924162721,-7.295725344576031
712.png,0.0,-0.1,-5.990371925651858,-7.295678645262118
713.png,0.0,-0.1,-5.99002757543969,-7.295605879247424
714.png,0.0,-0.1,-5.989705332800911,-7.295546220711713
715.png,0.0,-0.1,-5.989409316221767,-7.295497899100143
716.png,0.0,-0.1,-5.989141189537577,-7.295460028188129
717.png,0.0,-0.1,-5.988907453089225,-7.295430908089709
718.png,0.0,-0.1,-5.9886278622219695,-7.295401085356375
719.png,0.0,-0.1,-5.988382653577513,-7.295379287613795
720.png,0.0,-0.1,-5.988092225617691,-7.295358234687237
721.png,0.0,0.0,-6.075826583835293,-7.299669493007693
722.png,0.0,0.1,-6.0758322293961875,-7.299660112152838
723.png,0.0,0.1,-6.075882903195644,-7.299582040621367
724.png,0.0,0.1,-6.075972608910687,-7.299449375625602
725.png,0.0,0.1,-6.076093269936534,-7.299281125008087
726.png,0.0,0.1,-6.076175043382319,-7.299173393796417
727.png,0.0,0.1,-6.076272432328211,-7.2990512209181
728.png,0.0,0.1,-6.07635769435777,-7.2989493996244565
729.png,0.0,0.1,-6.076459341197628,-7.298833699814027
730.png,0.0,0.1,-6.076563664266342,-7.29872116235476
731.png,0.0,0.1,-6.076685981571159,-7.298596433571877
732.png,0.0,0.1,-6.07681174984379,-7.298475453989426
733.png,0.0,0.1,-6.076924596454752,-7.298372777062345
734.png,0.0,0.1,-6.077024439350744,-7.2982862764802645
735.png,0.0,0.1,-6.077143668604112,-7.2981876468523215
736.png,0.0,0.1,-6.077248274971619,-7.298105181912796
737.png,0.0,0.1,-6.077355263542974,-7.298024435484054
738.png,0.0,0.1,-6.077464642498266,-7.297945449086503
739.png,0.0,0.1,-6.077576660060029,-7.297867995695201
740.png,0.0,0.1,-6.077769649530806,-7.297742221845332
741.png,0.0,0.1,-6.077889313118801,-7.297668660304429
742.png,0.0,0.1,-6.078053706876806,-7.297572697389093
743.png,0.0,0.1,-6.078180745333523,-7.297502242221314
744.png,0.0,0.1,-6.078311346596992,-7.297433049295929
745.png,0.0,0.1,-6.078467979690542,-7.297354148638552
746.png,0.0,0.1,-6.078605934469736,-7.297287845177335
747.png,0.0,0.1,-6.07874813868932,-7.297222628362914
748.png,0.0,0.1,-6.078943518895955,-7.297137808987834
749.png,0.0,0.1,-6.079094204307284,-7.297075945050161
750.png,0.0,0.1,-6.079275991933987,-7.297005192479917
751.png,0.0,0.1,-6.079573139953227,-7.296898048094849
752.png,0.0,0.1,-6.079827820723064,-7.2968140542867905
753.png,0.0,0.1,-6.080032059930734,-7.296751500636223
754.png,0.0,0.1,-6.080213530593746,-7.296699317139055
755.png,0.0,0.1,-6.080398069734558,-7.29664941120735
756.png,0.0,0.1,-6.080589372768504,-7.296600644110782
757.png,0.0,0.1,-6.080816300727441,-7.296547235497731
758.png,0.0,0.1,-6.081018125022277,-7.296503214189916
759.png,0.0,0.1,-6.081257131370447,-7.296455529443484
760.png,0.0,0.1,-6.081469103557675,-7.29641681499736
761.png,0.0,0.1,-6.081831277902409,-7.296358674633914
762.png,0.0,0.1,-6.082053836324348,-7.296327836737861
763.png,0.0,0.1,-6.082320446170993,-7.296295591776418
764.png,0.0,0.1,-6.082591812813333,-7.296267921997834
765.png,0.0,0.1,-6.0828278980399455,-7.2962479303910746
766.png,0.0,0.1,-6.083109859970892,-7.296229329200199
767.png,0.0,0.1,-6.083436196330795,-7.296214302917002
768.png,0.0,0.1,-6.083810007744811,-7.296205620081539
769.png,0.0,-0.1,-5.046164409801085,-7.298516412545202
770.png,0.0,-0.1,-5.046079890084207,-7.298416935590831
771.png,0.0,-0.1,-5.0459793547970975,-7.2983042146956
772.png,0.0,-0.1,-5.045891484838167,-7.298210370685287
773.png,0.0,-0.1,-5.045801926764735,-7.298118801382514
774.png,0.0,-0.1,-5.045695114960598,-7.298014909466975
775.png,0.0,-0.1,-5.045601454829056,-7.297928099519896
776.png,0.0,-0.1,-5.045505578635853,-7.297843069035284
777.png,0.0,-0.1,-5.045407616886355,-7.297759910402657
778.png,0.0,-0.1,-5.045307346668702,-7.297678464449626
779.png,0.0,-0.1,-5.045134358490549,-7.297546079699831
780.png,0.0,-0.1,-5.044990836054491,-7.297443137956836
781.png,0.0,-0.1,-5.044842377568527,-7.297342706873845
782.png,0.0,-0.1,-5.044688672394826,-7.297244690899577
783.png,0.0,-0.1,-5.044569815451101,-7.297172711677781
784.png,0.0,-0.1,-5.044447720200107,-7.2971019579578975
785.png,0.0,-0.1,-5.044300686227492,-7.297020775654563
786.png,0.0,-0.1,-5.04417066586732,-7.296952346198522
787.png,0.0,-0.1,-5.044014241673653,-7.2968739780993905
788.png,0.0,-0.1,-5.043781500638914,-7.296764884610824
789.png,0.0,-0.1,-5.043536630323948,-7.296658573466797
790.png,0.0,-0.1,-5.043409436026612,-7.296606497622932
791.png,0.0,-0.1,-5.043226689533633,-7.296535455461972
792.png,0.0,-0.1,-5.043037421491171,-7.296466007196167
793.png,0.0,-0.1,-5.042869835797957,-7.296407871765271
794.png,0.0,-0.1,-5.042668935887869,-7.296342294704296
795.png,0.0,-0.1,-5.042490321612784,-7.2962872998945
796.png,0.0,-0.1,-5.042277070209967,-7.296225876479824
797.png,0.0,-0.1,-5.042055852703972,-7.2961665204685975
798.png,0.0,-0.1,-5.041894047615998,-7.296125837822907
799.png,0.0,-0.1,-5.041694133479696,-7.296078468175977
800.png,0.0,-0.1,-5.041490112055664,-7.296033547332266
801.png,0.0,-0.1,-5.041244241878327,-7.2959839967471645
802.png,0.0,-0.1,-5.04084371378005,-7.295912837931164
803.png,0.0,-0.1,-5.040580674942897,-7.2958726646820224
804.png,0.0,-0.1,-5.040349058339282,-7.295841223388514
805.png,0.0,-0.1,-5.040112897002197,-7.295813067576911
806.png,0.0,-0.1,-5.039871972543479,-7.295788396034339
807.png,0.0,-0.1,-5.039626206494171,-7.295767177355004
808.png,0.0,-0.1,-5.03937652634619,-7.295749774267474
809.png,0.0,-0.1,-5.039079547485577,-7.295734387779127
810.png,0.0,-0.1,-5.038647699048664,-7.295721824358117
811.png,0.0,-0.1,-5.038207360939298,-7.295721327856713
812.png,0.0,-0.1,-5.037806398510682,-7.295733232466137
813.png,0.0,0.1,-5.118810796833605,-7.2984842256346525
814.png,0.0,0.1,-5.118907021893351,-7.29839978848036
815.png,0.0,0.1,-5.119022049991314,-7.298303563781463
816.png,0.0,0.1,-5.119124055251792,-7.298222142847832
817.png,0.0,0.1,-5.11931805298994,-7.29807693517446
818.png,0.0,0.1,-5.11942811265725,-7.297999508172705
819.png,0.0,0.1,-5.11956027216733,-7.297910799251831
820.png,0.0,0.1,-5.119696854334282,-7.297823826735045
821.png,0.0,0.1,-5.119818146926956,-7.297750089393792
822.png,0.0,0.1,-5.119964007317924,-7.297665572310166
823.png,0.0,0.1,-5.120071025639121,-7.297606268564821
824.png,0.0,0.1,-5.120225260873874,-7.297524588736675
825.png,0.0,0.1,-5.120361584229201,-7.297455869416665
826.png,0.0,0.1,-5.120573487513361,-7.2973550801179705
827.png,0.0,0.1,-5.120720076164677,-7.297289268544867
828.png,0.0,0.1,-5.120896621025738,-7.2972141642951796
829.png,0.0,0.1,-5.121052633492157,-7.297151191869898
830.png,0.0,0.1,-5.121212844858657,-7.297089693974206
831.png,0.0,0.1,-5.1213779370888535,-7.297029626876392
832.png,0.0,0.1,-5.121576610206306,-7.296961295998505
833.png,0.0,0.1,-5.1218112877113695,-7.296885985355399
834.png,0.0,0.1,-5.122054216627989,-7.296813867616241
835.png,0.0,0.1,-5.122305581694634,-7.29674509794934
836.png,0.0,0.1,-5.122566143548162,-7.296679857977442
837.png,0.0,0.1,-5.1227672906578245,-7.296633507479371
838.png,0.0,0.1,-5.1230072705230105,-7.296582537350987
839.png,0.0,0.1,-5.123219270999753,-7.296541345169309
840.png,0.0,0.1,-5.123470805690698,-7.296496826584571
841.png,0.0,0.1,-5.123767869700438,-7.296450145805973
842.png,0.0,0.1,-5.124070862770872,-7.296409371158668
843.png,0.0,0.1,-5.12430421962965,-7.296382308847039
844.png,0.0,0.1,-5.1245402715665564,-7.296358869252065
845.png,0.0,0.1,-5.124822081729233,-7.296335756580684
846.png,0.0,0.1,-5.125065776782384,-7.296320212378924
847.png,0.0,0.1,-5.125355551454075,-7.2963068994502995
848.png,0.0,0.1,-5.125690956452049,-7.296298599613318
849.png,0.0,0.1,-5.126114898601519,-7.296298737299392
850.png,0.0,0.0,-4.502883701681323,-7.0005392327305636
851.png,0.0,-0.1,-4.502867227144018,-7.000514681324675
852.png,0.0,-0.1,-4.502802378053222,-7.0004170901292095
853.png,0.0,-0.1,-4.502710411752976,-7.0002857347923655
854.png,0.0,-0.1,-4.502615851546174,-7.0001577672570265
855.png,0.0,-0.1,-4.5025337657707665,-7.000052012692041
856.png,0.0,-0.1,-4.5024503538545355,-6.999949235665443
857.png,0.0,-0.1,-4.502351238341484,-6.999832948683276
858.png,0.0,-0.1,-4.502264734152305,-6.9997362141530255
859.png,0.0,-0.1,-4.502146778271161,-6.9996112190665425
860.png,0.0,-0.1,-4.501994931163338,-6.999460716905781
861.png,0.0,-0.1,-4.501885474695587,-6.999358810480802
862.png,0.0,-0.1,-4.501773222969574,-6.999259593408718
863.png,0.0,-0.1,-4.501657696490978,-6.999162678246674
864.png,0.0,-0.1,-4.501556291784499,-6.999081499683847
865.png,0.0,-0.1,-4.5014526367180965,-6.999002105393742
866.png,0.0,-0.1,-4.5013464105803855,-6.998924265448578
867.png,0.0,-0.1,-4.501219221017524,-6.998835354263186
868.png,0.0,-0.1,-4.501088219693933,-6.998748356208499
869.png,0.0,-0.1,-4.500972696193238,-6.998675212762602
870.png,0.0,-0.1,-4.500813867471055,-6.998579686714113
871.png,0.0,-0.1,-4.500628089910162,-6.998474745701399
872.png,0.0,-0.1,-4.500478151494429,-6.998394916651394
873.png,0.0,-0.1,-4.500345550889181,-6.998327642765052
874.png,0.0,-0.1,-4.500185566170173,-6.998250552916684
875.png,0.0,-0.1,-4.500044438836686,-6.998185785074878
876.png,0.0,-0.1,-4.499898689517971,-6.998121875309768
877.png,0.0,-0.1,-4.499723641138891,-6.998049010790771
878.png,0.0,-0.1,-4.49951649916982,-6.99796797159234
879.png,0.0,-0.1,-4.499273608202173,-6.997879451245315
880.png,0.0,-0.1,-4.499076596456049,-6.997812436356793
881.png,0.0,-0.1,-4.498903476885892,-6.997757064886338
882.png,0.0,-0.1,-4.498724389025121,-6.9977028023459455
883.png,0.0,-0.1,-4.498541386604546,-6.997650713114508
884.png,0.0,-0.1,-4.4983517965413755,-6.99759974651689
885.png,0.0,-0.1,-4.498158799945861,-6.997551034974338
886.png,0.0,-0.1,-4.497958203156581,-6.997503883274253
887.png,0.0,-0.1,-4.497720047602415,-6.997452175859174
888.png,0.0,-0.1,-4.497365308547725,-6.9973833043113665
889.png,0.0,-0.1,-4.496995611432662,-6.997321906513689
890.png,0.0,-0.1,-4.496728664289899,-6.997283480914061
891.png,0.0,-0.1,-4.496455362571209,-6.997249270161224
892.png,0.0,-0.1,-4.495971167418339,-6.9972017232362544
893.png,0.0,-0.1,-4.495721408751263,-6.997183227148225
894.png,0.0,-0.1,-4.495469130629086,-6.997168733986188
895.png,0.0,-0.1,-4.495211896254281,-6.997157993264444
896.png,0.0,-0.1,-4.4949518067477285,-6.997151414581971
897.png,0.0,-0.1,-4.49468833185331,-6.997149256114879
898.png,0.0,-0.1,-4.49437835117733,-6.997153707823878
899.png,0.0,-0.1,-4.494063855872018,-6.997162892827281
900.png,0.0,-0.1,-4.493135998598084,-6.997146820825541
901.png,0.0,-0.1,-4.492467465472615,-6.99719636690407
902.png,0.0,-0.1,-4.491744114250545,-6.99732727571
903.png,0.0,-0.1,-4.491619019865462,-6.997355966238307
904.png,0.0,-0.1,-4.491499656595679,-6.997373811420169
905.png,0.0,-0.1,-4.491410184678814,-6.997384437188622
906.png,0.0,-0.1,-4.491316318256578,-6.997398336710803
907.png,0.0,-0.1,-4.491222784272099,-6.997413457377239
908.png,0.0,-0.1,-4.491141222320186,-6.99742758472062